Bar Code,Description,Category Name,Location Name,Serial Number,Manufacturer Name,Division,Department,Campus,Status
4357,DESIGNJET 500,INK PRINTER,A231,SG3AF61004,HP,INSTRUCTION,ENVIRONMENTAL TECHNOLOGY,STANTON,ACTIVE
4407,PIXMA IP6600D,COLOR INK PRINTER,E210,AAEF05194,CANON,INSTRUCTION,BIO SCIENCE,STANTON,ACTIVE
7128,DESKJET 5740,INK PRINTER,F126,MY45H1W02H,HP,INSTRUCTION,AUTOMOTIVE,STANTON,ACTIVE
7161,BUBBLEJET COLOR 2100,INK PRINTER,F126,FEU86791,CANON,INSTRUCTION,AUTOMOTIVE,STANTON,ACTIVE
7363,DESKJET 550C,INK PRINTER,F113,US2CG150RG,HP,INSTRUCTION,AUTOMOTIVE,STANTON,ACTIVE
7690,LASERJET 4350DTN,LASER PRINTER,MODULAR 3,CNGXH08285,HP,INSTRUCTION,NURSING,STANTON,ACTIVE
8046,STYLUS 4800,INK PRINTER,B217,GK7E026590,EPSON,CAMPUS DIRECTOR,MARKETING,STANTON,ACTIVE
8135,PIXMA IP6700D,COLOR INK PRINTER,E210,AAHG10921,CANON,INSTRUCTION,BIO SCIENCE,STANTON,ACTIVE
8136,PIXMA IP6700D,COLOR INK PRINTER,E210,AAHG10920,CANON,INSTRUCTION,BIO SCIENCE,STANTON,ACTIVE
8999,BST1200ES ,3D PRINTER,E119,P09847,DIMENSION,INSTRUCTION,MECHANICAL ENGINEERING,STANTON,ACTIVE
9355,LASERJET P2035N,LASER PRINTER,B122,CNB9X35091,HP,BUSINESS SERVICES,BUSINESS OFFICE,STANTON,ACTIVE
9779,5130CDN,COLOR LASER PRINTER,E400,J86DBK1,DELL,INSTRUCTION,DEAN OF INSTRUCTION,GEORGE,ACTIVE
10070,LASERJET P3015DN,LASER PRINTER,C149,VNBCB1P0D5,HP,INSTRUCTION,NURSING,STANTON,ACTIVE
10166,5350DN,LASER PRINTER,MODULAR 1,28HT6L1,DELL,INSTRUCTION,NURSING,STANTON,ACTIVE
10444,PHOTOSMART D110A,INK PRINTER,B226,CN731A,HP,CAMPUS DIRECTOR,MARKETING,STANTON,ACTIVE
10459,2350DN,LASER PRINTER,B203,2Y26GN1,DELL,WORKFORCE DEVELOPMENT & COMMUNITY EDUCATION,WORKFORCE DEVELOPMENT,STANTON,ACTIVE
10490,5535DN,MULTI-FUNCTION PRINTER,C267,J82M6L1,DELL,INSTRUCTION,NURSING,STANTON,ACTIVE
10493,5350DN,LASER PRINTER,A165,4FMT6L1,DELL,WORKFORCE DEVELOPMENT & COMMUNITY EDUCATION,WORKFORCE DEVELOPMENT,STANTON,ACTIVE
10513,3330DN,LASER PRINTER,E216,721K1L4,DELL,HUMAN RESOURCES,HUMAN RESOURCES ,GEORGE,ACTIVE
10514,5350DN,LASER PRINTER,E418,792CK3G,DELL,INSTRUCTION,MATHEMATICS,GEORGE,ACTIVE
10516,3330DN,LASER PRINTER,E036,721L5F3,DELL,IIT,TELECOMMUNICATION,GEORGE,ACTIVE
10627,3115CN,PRINTERS,W265,H59X7P1,DELL,IIT,SYSTEMS,GEORGE,ACTIVE
10636,2350DN,LASER PRINTER,SE308H,7V7DGN1,DELL,INSTRUCTION,ALLIED HEALTH,GEORGE,ACTIVE
10637,2350DN,LASER PRINTER,E004,8V7DGN1,DELL,STUDENT AFFAIRS,SGA,GEORGE,aCTIVE
10651,2350DN,LASER PRINTER,E114,2F7GGN1,DELL,STUDENT AFFAIRS,STUDENT SUCCESS CENTER,GEORGE,ACTIVE
10853,5130CDN,COLOR LASER PRINTER,SE125,FNBY6S1,DELL,WORKFORCE DEVELOPMENT & COMMUNITY EDUCATION,WORKFORCE DEVELOPMENT,GEORGE,ACTIVE
10872,2350DN,LASER PRINTER,SE125C,7RGPGN1,DELL,WORKFORCE DEVELOPMENT & COMMUNITY EDUCATION,WORKFORCE DEVELOPMENT,GEORGE,ACTIVE
10873,2350DN,LASER PRINTER,STORAGE,5PJPGN1,DELL,WORKFORCE DEVELOPMENT & COMMUNITY EDUCATION,WORKFORCE DEVELOPMENT,GEORGE,ACTIVE
10882,5350DN,LASER PRINTER,E320,8V5V6L1,DELL,INSTRUCTION,BUSINESS ADMINISTRATION,GEORGE,ACTIVE
11098,2350DN,LASER PRINTER,E024,9V06GN1,DELL,WORKFORCE DEVELOPMENT & COMMUNITY EDUCATION,WORKFORCE DEVELOPMENT,GEORGE,ACTIVE
11101,5350DN,LASER PRINTER,W051,68KT6L1,DELL,PUBLIC SAFETY,PUBLIC SAFETY,GEORGE,ACTIVE
11103,5350DN,LASER PRINTER,E435,GVJT6L1,DELL,INSTRUCTION,ALLIED HEALTH,GEORGE,ACTIVE
11105,5350DN,LASER PRINTER,W361,5WJT6L1,DELL,WORKFORCE DEVELOPMENT & COMMUNITY EDUCATION,WORKFORCE DEVELOPMENT,GEORGE,ACTIVE
11106,5350DN,LASER PRINTER,W074,7DKT6L1,DELL,INSTRUCTION,ALLIED HEALTH,GEORGE,ACTIVE
11107,5350DN,LASER PRINTER,SE308,9VJT6L1,DELL,INSTRUCTION,ALLIED HEALTH,GEORGE,ACTIVE
11120,2350DN,LASER PRINTER,E206,4XH7GN1,DELL,BUSINESS SERVICES,BUSINESS OFFICE,GEORGE,ACTIVE
11226,5350DN,LASER PRINTER,W279,6XVT6L1,DELL,INSTRUCTION,WRITING CENTER,GEORGE,ACTIVE
11228,5350DN,LASER PRINTER,W273,7NPT6L1,DELL,INSTRUCTION,ENGLISH/READING,GEORGE,ACTIVE
11229,5350DN,LASER PRINTER,W280,7L0V6L1,DELL,INSTRUCTION,ENGLISH/READING,GEORGE,ACTIVE
11231,5350DN,LASER PRINTER,E319,4Y5V6L1,DELL,INSTRUCTION,BUSINESS ADMINISTRATION,GEORGE,ACTIVE
11668,5350DN,LASER PRINTER,D109,8Z2V6L1,DELL,STUDENT AFFAIRS,STUDENT SUPPORT SERVICES,STANTON,ACTIVE
11669,DESIGNJET T2300 PS EMFP,INK PRINTER,B234,SG16K3905F,HP,INSTRUCTION,ARCHITECTURAL,STANTON,ACTIVE
2002965,DESIGNJET T2300 PS EMFP,PLOTTER ,LIBRARY,SG14D39013,HP,INSTRUCTION,ARCHITECTURAL,STANTON,ACTIVE
11677,2350DN,LASER PRINTER,B133,2RM7GN1,DELL,INSTRUCTION,MATHEMATICS,STANTON,ACTIVE
12009,5350DN,LASER PRINTER,E210,8VVT6L1,DELL,INSTRUCTION,BIO CHEM,STANTON,ACTIVE
12010,5350DN,LASER PRINTER,B122,8WVT6L1,DELL,BUSINESS SERVICES,BUSINESS OFFICE,STANTON,ACTIVE
12054,5350DN,LASER PRINTER,D204,9CVT6L1,DELL,INSTRUCTION,LIBRARY,STANTON,ACTIVE
12057,5130CDN,COLOR LASER PRINTER,D204,BPQV3P1,DELL,INSTRUCTION,LIBRARY,STANTON,ACTIVE
12058,5350DN,LASER PRINTER,C279,96ZT6L1,DELL,INSTRUCTION,NURSING,STANTON,ACTIVE
12079,1350CNW,COLOR LASER PRINTER,A209,5GJNGM1,DELL,IIT,MEDIA PRODUCTION,STANTON,ACTIVE
12082,5350DN,LASER PRINTER,A165,B9ST6L1,DELL,WORKFORCE DEVELOPMENT & COMMUNITY EDUCATION,WORKFORCE DEVELOPMENT,STANTON,ACTIVE
12086,5350DN,LASER PRINTER,F120,BF2V6L1,DELL,INSTRUCTION,AUTOMOTIVE,STANTON,ACTIVE
12116,5350DN,LASER PRINTER,A165,GBQT6L1,DELL,WORKFORCE DEVELOPMENT & COMMUNITY EDUCATION,WORKFORCE DEVELOPMENT,STANTON,ACTIVE
12252,2350DN,LASER PRINTER,W062,3F1MGN1,DELL,ADMINISTRATIVE SERVICES,MAINTENANCE,GEORGE,ACTIVE
12267,5350DN,LASER PRINTER,A227,GBQT6L1,DELL,IIT,COMPUTING SUPPORT,STANTON,ACTIVE
12269,5350DN,LASER PRINTER,E220,BPWT6L1,DELL,INSTRUCTION,BIO SCIENCE,STANTON,ACTIVE
12288,5130CDN,COLOR LASER PRINTER,A169,8JGY6S1,DELL,WORKFORCE DEVELOPMENT & COMMUNITY EDUCATION,WORKFORCE DEVELOPMENT,STANTON,ACTIVE
12503,5535DN,MULTI-FUNCTION PRINTER,I127,79476C0,DELL,WORKFORCE DEVELOPMENT & COMMUNITY EDUCATION,INDUSTRIAL TRAINING,ITC,ACTIVE
12580,5350DN,LASER PRINTER,I108,HOLT6L1,DELL,WORKFORCE DEVELOPMENT & COMMUNITY EDUCATION,INDUSTRIAL TRAINING,ITC,ACTIVE
12582,5350DN,LASER PRINTER,I127,90LT6L1,DELL,WORKFORCE DEVELOPMENT & COMMUNITY EDUCATION,INDUSTRIAL TRAINING,ITC,ACTIVE
12583,2335DN,LASER PRINTER,I120,3PKKJL1,DELL,WORKFORCE DEVELOPMENT & COMMUNITY EDUCATION,INDUSTRIAL TRAINING,ITC,ACTIVE
12585,3330DN,LASER PRINTER,I109,9592KJ1,DELL,WORKFORCE DEVELOPMENT & COMMUNITY EDUCATION,INDUSTRIAL TRAINING,ITC,ACTIVE
12586,3330DN,LASER PRINTER,I127,G482KJ1,DELL,WORKFORCE DEVELOPMENT & COMMUNITY EDUCATION,INDUSTRIAL TRAINING,ITC,ACTIVE
12588,3330DN,LASER PRINTER,I117,G492KJ1,DELL,WORKFORCE DEVELOPMENT & COMMUNITY EDUCATION,INDUSTRIAL TRAINING,ITC,ACTIVE
12590,3330DN,LASER PRINTER,I127,BM82KJ1,DELL,WORKFORCE DEVELOPMENT & COMMUNITY EDUCATION,INDUSTRIAL TRAINING,ITC,ACTIVE
12591,3330DN,LASER PRINTER,I106,9M82KJ1,DELL,WORKFORCE DEVELOPMENT & COMMUNITY EDUCATION,INDUSTRIAL TRAINING,ITC,ACTIVE
12592,3330DN,LASER PRINTER,I104,6N82KJ1,DELL,WORKFORCE DEVELOPMENT & COMMUNITY EDUCATION,INDUSTRIAL TRAINING,ITC,ACTIVE
12593,3330DN,LASER PRINTER,I115,D492KJ1,DELL,WORKFORCE DEVELOPMENT & COMMUNITY EDUCATION,INDUSTRIAL TRAINING,ITC,ACTIVE
12594,3330DN,LASER PRINTER,I118,C592KJ1,DELL,WORKFORCE DEVELOPMENT & COMMUNITY EDUCATION,INDUSTRIAL TRAINING,ITC,ACTIVE
12595,3330DN,LASER PRINTER,I122,6692KJ1,DELL,WORKFORCE DEVELOPMENT & COMMUNITY EDUCATION,INDUSTRIAL TRAINING,ITC,ACTIVE
12596,3330DN,LASER PRINTER,I110,CM82KJ1,DELL,WORKFORCE DEVELOPMENT & COMMUNITY EDUCATION,INDUSTRIAL TRAINING,ITC,ACTIVE
12597,3330DN,LASER PRINTER,I119,BH82KJ1,DELL,WORKFORCE DEVELOPMENT & COMMUNITY EDUCATION,INDUSTRIAL TRAINING,ITC,ACTIVE
12598,3330DN,LASER PRINTER,I128,B492KJ1,DELL,WORKFORCE DEVELOPMENT & COMMUNITY EDUCATION,INDUSTRIAL TRAINING,ITC,ACTIVE
12599,3330DN,LASER PRINTER,I111,1692KJ1,DELL,WORKFORCE DEVELOPMENT & COMMUNITY EDUCATION,INDUSTRIAL TRAINING,ITC,ACTIVE
12600,3330DN,LASER PRINTER,I113,7592KJ1,DELL,WORKFORCE DEVELOPMENT & COMMUNITY EDUCATION,INDUSTRIAL TRAINING,ITC,ACTIVE
12601,3330DN,LASER PRINTER,I129,HM82KJ1,DELL,WORKFORCE DEVELOPMENT & COMMUNITY EDUCATION,INDUSTRIAL TRAINING,ITC,ACTIVE
12756,5350DN,LASER PRINTER,C113,4KMT6L1,DELL,INSTRUCTION,TESTING CENTER,STANTON,ACTIVE
12760,5350DN,LASER PRINTER,A152,5LMT6L1,DELL,IIT,MEDIA SUPPORT,STANTON,ACTIVE
12762,5350DN,LASER PRINTER,C283,2LMT6L1,DELL,INSTRUCTION,NURSING,STANTON,ACTIVE
12763,5350DN,LASER PRINTER,F117,C8MT6L1,DELL,INSTRUCTION,ELECTRONICS,STANTON,ACTIVE
12798,5350DN,LASER PRINTER,E120,G7MT6L1,DELL,INSTRUCTION,MECHANICAL ENGINEERING,STANTON,ACTIVE
12944,3115CN ,MULTI-FUNCTION PRINTER,A228,646VTH1,DELL,IIT,COMPUTING SUPPORT,STANTON,ACTIVE
1001018,5350DN,LASER PRINTER,SE113,H9RT6L1,DELL,INSTRUCTION,ENGLISH/READING,GEORGE,ACTIVE
11797,B2360DN ,LASER PRINTER,MAIL ROOM,JNWLSS1,DELL,ADMINISTRATIVE SERVICES,MAILROOM,STANTON,ACTIVE
11796,B2360DN ,LASER PRINTER,B101,JJWLSS1,DELL,ADMINISTRATIVE SERVICES,CUSTODIAL SERVICES,STANTON,ACTIVE
12251,5350DN,LASER PRINTER,E114,GDRT6L1,DELL,INSTRUCTION,ENGLISH/READING,STANTON,ACTIVE
11789,C1760NW,COLOR LASER PRINTER,A222,6LXKQV1,DELL,WORKFORCE DEVELOPMENT & COMMUNITY EDUCATION,CAFETERIA,STANTON,ACTIVE
1001023,2350DN,LASER PRINTER,E401E,FB7GN1,DELL,INSTRUCTION,DEAN OF INSTRUCTION,GEORGE,ACTIVE
4111,LASERJET 4300N,LASER PRINTER,A155,CNDY508645,HP,WORKFORCE DEVELOPMENT & COMMUNITY EDUCATION,WORKFORCE DEVELOPMENT,STANTON,ACTIVE
11896,5350DN,LASER PRINTER,F126,6D7V6L1,DELL,INSTRUCTION,AUTOMOTIVE,STANTON,ACTIVE
1001039,C3765DNF,MULTI-FUNCTION PRINTER,W274,6S9VXS1,DELL,INSTRUCTION,ENGLISH/READING,GEORGE,ACTIVE
11895,5350DN,LASER PRINTER,A224,DF7V6L1,DELL,WORKFORCE DEVELOPMENT & COMMUNITY EDUCATION,COMPUTER INSTITUTE,STANTON,ACTIVE
1001037,5350DN,LASER PRINTER,E118,8H7V6L1,DELL,STUDENT AFFAIRS,ADMISSIONS,GEORGE,ACTIVE
1001035,5350DN,LASER PRINTER,E107,GB7V6L1,DELL,BUSINESS SERVICES,FINANCIAL AID OFFICE,GEORGE,ACTIVE
1001040,5350DN,LASER PRINTER,SE212,5C7V6L1,DELL,INSTRUCTION,LANGUAGE AND CULTURE,GEORGE,ACTIVE
1001029,2360DN,LASER PRINTER,E222,8NRMSS1,DELL,HUMAN RESOURCES,HUMAN RESOURCES ,GEORGE,ACTIVE
1001041,5350DN,LASER PRINTER,SE308,HD7V6L1,DELL,INSTRUCTION,ALLIED HEALTH,GEORGE,ACTIVE
11897,5130CDN,COLOR LASER PRINTER,C131,F9RV3P1,DELL,IIT,SYSTEMS,STANTON,ACTIVE
1001051,2350DN,LASER PRINTER,SE308A,7NXMSS1,DELL,INSTRUCTION,ALLIED HEALTH,GEORGE,ACTIVE
4053,LASERJET 4700,COLOR LASER PRINTER,A229,JPTLB40724,HP,IIT,COMPUTING SUPPORT,STANTON,ACTIVE
10850,SB360,CARD PRINTER,SE100,B17006,DATACARD,PUBLIC SAFETY,PUBLIC SAFETY,GEORGE,ACTIVE
11678,SD360,CARD PRINTER,STORAGE,B17012,DATACARD,IIT,COMPUTING SUPPORT,STANTON,ACTIVE
11679,SD360,CARD PRINTER,A118,B17009,DATACARD,PUBLIC SAFETY,PUBLIC SAFETY,STANTON,ACTIVE
1001054,3330DN,LASER PRINTER,W063,D2RXNK1,DELL,ADMINISTRATIVE SERVICES,MAINTENANCE,GEORGE,ACTIVE
2000078,PT 9600,LABEL MAKER,A228,U60277-J0G577091,BROTHER,IIT,COMPUTING SUPPORT,STANTON,ACTIVE
11794,STYLUS PRO 9990,INK PRINTER,B217,KJFE013594,EPSON,CAMPUS DIRECTOR,MARKETING,STANTON,ACTIVE
2000015,LASER PRINTER,LASER PRINTER,A110,U62710K0J312211,BROTHER,INSTRUCTION,CULINARY ARTS,STANTON,ACTIVE
2000088,STYLUS PRO 9880,PLOTTER ,E210,JZ20013453,EPSON,INSTRUCTION,BIO SCIENCE,STANTON,ACTIVE
1001113,5350DN,LASER PRINTER,SE040,70HFSS1,DELL,INSTRUCTION,DENTAL HYGIENE,GEORGE,ACTIVE
1001120,B5460DN,LASER PRINTER,W274,8L2GSS1,DELL,INSTRUCTION,ENGLISH/READING,GEORGE,ACTIVE
10883,C1765DN,COLOR LASER PRINTER,E125,2CFM3Y1,DELL,STUDENT AFFAIRS,COUNSELING ,GEORGE,ACTIVE
10892,2350DN,LASER PRINTER,E110,6KLGN1,DELL,BUSINESS SERVICES,FINANCIAL AID OFFICE,GEORGE,ACTIVE
2000245,B5460DN,LASER PRINTER,A227,C2PFSS1,DELL,IIT,COMPUTING SUPPORT,STANTON,ACTIVE
10896,B2360DN ,LASER PRINTER,W365,2NWRSS1,DELL,CAMPUS DIRECTOR,CAMPUS DIRECTOR,GEORGE,ACTIVE
1001132,B5460DN,LASER PRINTER,W360,CYNFSS1,DELL,WORKFORCE DEVELOPMENT & COMMUNITY EDUCATION,WORKFORCE DEVELOPMENT,GEORGE,ACTIVE
1000544,B2360DN ,LASER PRINTER,SE210H,13WRSS1,DELL,INSTRUCTION,HUMAN SERVICES,GEORGE,ACTIVE
10894,B2360DN ,LASER PRINTER,W250A,JKJRSS1,DELL,IIT,COMPUTING SUPPORT,GEORGE,ACTIVE
10895,B5460DN,LASER PRINTER,E412,FYNFSS1,DELL,WORKFORCE DEVELOPMENT & COMMUNITY EDUCATION,WORKFORCE DEVELOPMENT,GEORGE,ACTIVE
10893,B5460DN,LASER PRINTER,W350,23PFSS1,DELL,CAMPUS DIRECTOR,CAMPUS DIRECTOR,GEORGE,ACTIVE
1001128,B5460DN,LASER PRINTER,LIBRARY,DYNFSS1,DELL,INSTRUCTION,LIBRARY,GEORGE,ACTIVE
1001131,B5460DN,LASER PRINTER,W158,H2PFSS1,DELL,INSTRUCTION,LIBRARY,GEORGE,ACTIVE
10899,B2360DN ,LASER PRINTER,SE114,B3WRSS1,DELL,WORKFORCE DEVELOPMENT & COMMUNITY EDUCATION,WORKFORCE DEVELOPMENT,GEORGE,ACTIVE
10901,B2360DN ,LASER PRINTER,W155,47VRSS1,DELL,INSTRUCTION,LIBRARY,GEORGE,ACTIVE
2000260,B2360DN ,LASER PRINTER,A158,7QJRSS1,DELL,DEMEP,DEMEP,STANTON,ACTIVE
2000258,B2360DN ,LASER PRINTER,A173,46HRSS1,DELL,WORKFORCE DEVELOPMENT & COMMUNITY EDUCATION,WORKFORCE DEVELOPMENT,STANTON,ACTIVE
2000259,B2360DN ,LASER PRINTER,A156,GTHRSS1,DELL,WORKFORCE DEVELOPMENT & COMMUNITY EDUCATION,COMPUTER INSTITUTE,STANTON,ACTIVE
2000256,B2360DN ,LASER PRINTER,B132,9VHRSS1,DELL,INSTRUCTION,MATHEMATICS,STANTON,ACTIVE
2000257,B2360DN ,LASER PRINTER,E108,FVHRSS1,DELL,INSTRUCTION,MECHANICAL ENGINEERING,STANTON,ACTIVE
2000254,B2360DN ,LASER PRINTER,D143,76JRSS1,DELL,INSTRUCTION,CRIMINAL JUSTICE,STANTON,ACTIVE
2000255,B2360DN ,LASER PRINTER,B131,1NHRSS1,DELL,INSTRUCTION,MATHEMATICS,STANTON,ACTIVE
2000248,B2360DN ,LASER PRINTER,C285,HTHRSS1,DELL,INSTRUCTION,NURSING,STANTON,ACTIVE
2000249,B2360DN ,LASER PRINTER,C278,28JRSS1,DELL,INSTRUCTION,NURSING,STANTON,ACTIVE
1000547,B2360DN ,LASER PRINTER,SE308,72WRSS1,DELL,INSTRUCTION,ALLIED HEALTH,GEORGE,ACTIVE
2000266,B5460DN,LASER PRINTER,B122,67PFSS1,DELL,BUSINESS SERVICES,BUSINESS OFFICE,STANTON,ACTIVE
2000267,B5460DN,LASER PRINTER,E119,B7PFSS1,DELL,INSTRUCTION,MECHANICAL ENGINEERING,STANTON,ACTIVE
2000264,B5460DN,LASER PRINTER,B128,D5PFSS1,DELL,INSTRUCTION,ENGLISH/READING,STANTON,ACTIVE
2000320,B5460DN,LASER PRINTER,B111,BBPFSS1,DELL,INSTRUCTION,ENGLISH/READING,STANTON,ACTIVE
1000545,B2360DN ,LASER PRINTER,SE302A,53WRSS1,DELL,INSTRUCTION,ALLIED HEALTH,GEORGE,ACTIVE
2000265,B5460DN,LASER PRINTER,E117,HCPFSS1,DELL,INSTRUCTION,BIO SCIENCE,STANTON,ACTIVE
2000392,B5460DN,LASER PRINTER,B233,F5PFSS1,DELL,INSTRUCTION,DEAN OF INSTRUCTION,STANTON,ACTIVE
2000393,B5460DN,LASER PRINTER,F118,8CPFSS1,DELL,WORKFORCE DEVELOPMENT & COMMUNITY EDUCATION,WORKFORCE DEVELOPMENT,STANTON,ACTIVE
2000263,B5460DN,LASER PRINTER,E207,2CPFSS1,DELL,INSTRUCTION,BIO SCIENCE,STANTON,ACTIVE
1001127,B5460DN,LASER PRINTER,E300,62PFSS1,DELL,IIT,CCIT ,GEORGE,ACTIVE
2000607,B2360DN ,LASER PRINTER,D101,BVHRSS1,DELL,STUDENT AFFAIRS,ATHLETICS,STANTON,ACTIVE
1000772,B5465,MULTI-FUNCTION PRINTER,STORAGE,8GTGSS1 ,DELL,WORKFORCE DEVELOPMENT & COMMUNITY EDUCATION,WORKFORCE DEVELOPMENT,GEORGE,ACTIVE
1000776,B2375DNF,MULTI-FUNCTION PRINTER,E430,1J7Y4Y1,DELL,CAMPUS DIRECTOR,ADMINISTRATIVE SERVICES ,GEORGE,ACTIVE
2000630,B5465DNF,MULTI-FUNCTION PRINTER,B118,8MTGSS1,DELL,STUDENT AFFAIRS,REGISTRAR,STANTON,ACTIVE
2000632,B2360DN ,LASER PRINTER,D124,83MSSS1,DELL,STUDENT AFFAIRS,COUNSELING ,STANTON,ACTIVE
1000777,1765NF,PRINTERS,W159,F5MR3Y1,DELL,INSTRUCTION,LIBRARY,GEORGE,ACTIVE
1000803,B5465,MULTI-FUNCTION PRINTER,SE036,2STGSS1,DELL,INSTRUCTION,DENTAL HYGIENE,GEORGE,ACTIVE
2000678,C3765DNF,MULTI-FUNCTION PRINTER,E404,G79PJY1,DELL,WORKFORCE DEVELOPMENT & COMMUNITY EDUCATION,WORKFORCE DEVELOPMENT,GEORGE,ACTIVE
1001119,B3460DN,LASER PRINTER,STORAGE,28LKSS1,DELL,INSTRUCTION,ALLIED HEALTH,GEORGE,ACTIVE
1001108,C3765DNF,MULTI-FUNCTION PRINTER,E433,C2R4WW1,DELL,WORKFORCE DEVELOPMENT & COMMUNITY EDUCATION,WORKFORCE DEVELOPMENT,GEORGE,ACTIVE
1000853,TM-U220A,PRINTERS,LIBRARY,FFBF260527,EPSON,INSTRUCTION,LIBRARY,GEORGE,ACTIVE
1000856,C2660DN,COLOR LASER PRINTER,W270,CN-0RHWJ8-74782-437-0RRG,DELL,INSTRUCTION,ENGLISH/READING,GEORGE,ACTIVE
1001042,5350DN,LASER PRINTER,E325,2D7V6L1,DELL,INSTRUCTION,BUSINESS ADMINISTRATION,GEORGE,ACTIVE
1000859,2660DN,LASER PRINTER,W257,JYWPJY1,DELL,INSTRUCTION,BUSINESS ADMINISTRATION,GEORGE,ACTIVE
2000708,5130CDN,COLOR LASER PRINTER,A158,HWK26X1,DELL,DEMEP,DEMEP,STANTON,ACTIVE
2000712,B5465DNF,MULTI-FUNCTION PRINTER,B116,2RTGSS1,DELL,INSTRUCTION,ENGLISH/READING,STANTON,ACTIVE
2000717,B2360DN ,LASER PRINTER,D114,DT9VSS1,DELL,STUDENT AFFAIRS,COUNSELING ,STANTON,ACTIVE
1000862,OKIDATA B4600 ,PRINTERS,SE100,SAL34032742A0,XEROX,PUBLIC SAFETY,PUBLIC SAFETY,GEORGE,ACTIVE
1000872,2350DN,LASER PRINTER,E124,DS86GN1,DELL,STUDENT AFFAIRS,COUNSELING ,GEORGE,ACTIVE
2000766,B2360DN ,LASER PRINTER,C281,2WHRSS1,DELL,INSTRUCTION,NURSING,STANTON,ACTIVE
1000881,5350DN,PRINTERS,W078,633LSS1,DELL,INSTRUCTION,ALLIED HEALTH,GEORGE,ACTIVE
2000885,B5460DN,LASER PRINTER,F131,JLZZ422,DELL,INSTRUCTION,BIO SCIENCE,STANTON,ACTIVE
2000895,B2360DN,LASER PRINTER,A142,JD2ZSS1,DELL,ADMINISTRATIVE SERVICES,BLDG/GROUNDS,STANTON,ACTIVE
2000893,B2360DN ,LASER PRINTER,B108,H6CLSS1,DELL,INSTRUCTION,ENGLISH/READING,STANTON,ACTIVE
2000898,B3460DN,LASER PRINTER,D130,5DBLSS1,DELL,STUDENT AFFAIRS,WELLNESS CENTER,STANTON,ACTIVE
2000892,B3460DN,LASER PRINTER,D209,3RBLSS1,DELL,STUDENT AFFAIRS,SGA,STANTON,ACTIVE
2000897,B2360DN ,LASER PRINTER,B201,6D2ZSS1,DELL,CAMPUS DIRECTOR,CAMPUS DIRECTOR,STANTON,ACTIVE
2000899,B3460DN,LASER PRINTER,D110,3V8LSS1,DELL,STUDENT AFFAIRS,COUNSELING ,STANTON,ACTIVE
2000900,B3460DN,LASER PRINTER,D207,BQ8LSS1,DELL,IIT,CCIT ,STANTON,ACTIVE
2000886,B2360DN ,LASER PRINTER,PUBLIC SAFETY LOBBY - C-WING,6C2ZSS1,DELL,PUBLIC SAFETY,PUBLIC SAFETY,STANTON,ACTIVE
1001142,B5460DN,LASER PRINTER,SE210,DDPFSS1,DELL,INSTRUCTION,HUMAN SERVICES,GEORGE,ACTIVE
2000896,B3460DN,LASER PRINTER,B104,8DBLSS1,DELL,INSTRUCTION,MATHEMATICS,STANTON,ACTIVE
1001145,B5460DN,LASER PRINTER,E024,4R00522,DELL,WORKFORCE DEVELOPMENT & COMMUNITY EDUCATION,WORKFORCE DEVELOPMENT,GEORGE,ACTIVE
1001144,B5460DN,LASER PRINTER,SE002A,9900522,DELL,INSTRUCTION,ALLIED HEALTH,GEORGE,ACTIVE
1001146,B5460DN,LASER PRINTER,W259,3Q00522,DELL,INSTRUCTION,COMPUTER INFORMATION SYSTEMS,GEORGE,ACTIVE
1001147,B5460DN,LASER PRINTER,W260,5C00522,DELL,INSTRUCTION,COMPUTER INFORMATION SYSTEMS,GEORGE,ACTIVE
1001148,B5460DN,LASER PRINTER,W261,6N00522,DELL,INSTRUCTION,COMPUTER INFORMATION SYSTEMS,GEORGE,ACTIVE
1001149,B5460DN,LASER PRINTER,E207,6Q00522,DELL,BUSINESS SERVICES,BUSINESS OFFICE,GEORGE,ACTIVE
1001150,B5460DN,LASER PRINTER,W258,8900522,DELL,INSTRUCTION,COMPUTER INFORMATION SYSTEMS,GEORGE,ACTIVE
1001151,B5460DN,LASER PRINTER,W250,6R00522,DELL,IIT,COMPUTING SUPPORT,GEORGE,ACTIVE
1001153,B5460DN,LASER PRINTER,W262,6L00522,DELL,INSTRUCTION,ENGLISH/READING,GEORGE,ACTIVE
1001154,B5460DN,LASER PRINTER,W275,4S00522,DELL,INSTRUCTION,BUSINESS ADMINISTRATION,GEORGE,ACTIVE
1001155,B5460DN,LASER PRINTER,W366,4M00522,DELL,INSTRUCTION,ENGLISH/READING,GEORGE,ACTIVE
1001156,B2360DN ,LASER PRINTER,SE125D,DZ9ZSS1,DELL,WORKFORCE DEVELOPMENT & COMMUNITY EDUCATION,WORKFORCE DEVELOPMENT,GEORGE,ACTIVE
1001157,B2360DN ,LASER PRINTER,E033,1Z9ZSS1,DELL,IIT,TELECOMMUNICATION,GEORGE,ACTIVE
1001158,B2360DN ,LASER PRINTER,E400,HZ9ZSS1,DELL,INSTRUCTION,DEAN OF INSTRUCTION,GEORGE,ACTIVE
1001160,B2360DN ,LASER PRINTER,E214,50BZSS1,DELL,STUDENT AFFAIRS,DEAN OF STUDENT AFFAIRS ,GEORGE,ACTIVE
1001161,B2360DN ,LASER PRINTER,SE006,CY9ZSS1,DELL,INSTRUCTION,ALLIED HEALTH,GEORGE,ACTIVE
1001165,B2360DN ,LASER PRINTER,W051,FW9ZSS1,DELL,PUBLIC SAFETY,PUBLIC SAFETY,GEORGE,ACTIVE
1001166,B2360DN ,LASER PRINTER,E206,8Z9ZSS1,DELL,BUSINESS SERVICES,BUSINESS OFFICE,GEORGE,ACTIVE
2000933,B2360DN ,LASER PRINTER,E219,7D2ZSS1,DELL,INSTRUCTION,BIO SCIENCE,STANTON,ACTIVE
2000930,B5460DN,LASER PRINTER,A226,GBZZ422,DELL,INSTRUCTION,COMPUTER INFORMATION SYSTEMS,STANTON,ACTIVE
2000888,B3460DN,LASER PRINTER,B218,GFBLSS1,DELL,CAMPUS DIRECTOR,MARKETING,STANTON,ACTIVE
2000889,B3460DN,LASER PRINTER,D138,4R8LSS1,DELL,INSTRUCTION,SOCIAL SCIENCES,STANTON,ACTIVE
2000891,B3460DN,LASER PRINTER,A130,F6CLSS1,DELL,PUBLIC SAFETY,PUBLIC SAFETY,STANTON,ACTIVE
2000890,B3460DN,LASER PRINTER,A130,HQ8LSS1,DELL,PUBLIC SAFETY,PUBLIC SAFETY,STANTON,ACTIVE
2000927,B3460DN,LASER PRINTER,A160,H9CLSS1,DELL,ADMINISTRATIVE SERVICES,ADMINISTRATIVE SERVICES ,STANTON,ACTIVE
2000901,B3460DN,LASER PRINTER,B214,G3CLSS1,DELL,HUMAN RESOURCES,HUMAN RESOURCES ,STANTON,ACTIVE
2000926,B2360DN,LASER PRINTER,E212,HD2ZSS1,DELL,INSTRUCTION,BIO SCIENCE,STANTON,ACTIVE
2001070,B3460DN,LASER PRINTER,B119,B4CLSS1,DELL,STUDENT AFFAIRS,REGISTRAR,STANTON,ACTIVE
2001074,B3460DN,LASER PRINTER,B118,72CLSS1,DELL,STUDENT AFFAIRS,REGISTRAR,STANTON,ACTIVE
2000932,B5460DN,LASER PRINTER,B134,J6ZZ422 ,DELL,INSTRUCTION,MATHEMATICS,STANTON,ACTIVE
2001076,B5460DN,LASER PRINTER,B110,JDZZ422,DELL,INSTRUCTION,ENGLISH/READING,STANTON,ACTIVE
2001075,B5460DN,LASER PRINTER,B130,CBZZ422,DELL,INSTRUCTION,MATHEMATICS,STANTON,ACTIVE
2001071,B2360DN ,LASER PRINTER,B140,5D2ZSS1,DELL,INSTRUCTION,DEAN OF INSTRUCTION,STANTON,ACTIVE
2000928,B2360DN ,LASER PRINTER,D108,FD2ZSS1,DELL,STUDENT AFFAIRS,COUNSELING ,STANTON,ACTIVE
2000931,B2360DN ,LASER PRINTER,A145,2F2ZSS1,DELL,INSTRUCTION,DEAN OF INSTRUCTION,STANTON,ACTIVE
2000929,B2360DN ,LASER PRINTER,D111,4D2ZSS1,DELL,STUDENT AFFAIRS,COUNSELING ,STANTON,ACTIVE
2001069,B5460DN,LASER PRINTER,D125A,JMZZ422,DELL,STUDENT AFFAIRS,CAREER CENTER,STANTON,ACTIVE
1001278,B3465DN,LASER PRINTER,E115,HSBJSS1,DELL,STUDENT AFFAIRS,ADVISEMENT,GEORGE,ACTIVE
2001045,B5460DN,LASER PRINTER,C129,HFZZ422,DELL,INSTRUCTION,MATHEMATICS,STANTON,ACTIVE
2001044,B5460DN,LASER PRINTER,C144,GKZZ422,DELL,INSTRUCTION,NURSING,STANTON,ACTIVE
2001046,B5460DN,LASER PRINTER,C128,GNZZ422,DELL,INSTRUCTION,PHYSICS,STANTON,ACTIVE
2001048,B5460DN,LASER PRINTER,B122,8NZZ422,DELL,BUSINESS SERVICES,BUSINESS OFFICE,STANTON,ACTIVE
2001047,B5460DN,LASER PRINTER,A220,H5ZZ422,DELL,WORKFORCE DEVELOPMENT & COMMUNITY EDUCATION,COMPUTER INSTITUTE,STANTON,ACTIVE
2001051,B5460DN,LASER PRINTER,D121,G5ZZ422,DELL,INSTRUCTION,TESTING CENTER,STANTON,ACTIVE
2001050,B5460DN,LASER PRINTER,B122,G3ZZ422,DELL,BUSINESS SERVICES,BUSINESS OFFICE,STANTON,ACTIVE
2001052,B5460DN,LASER PRINTER,B122,HMZZ422,DELL,BUSINESS SERVICES,BUSINESS OFFICE,STANTON,ACTIVE
2001055,B5460DN,LASER PRINTER,C267,FLZZ422,DELL,INSTRUCTION,NURSING,STANTON,ACTIVE
2001049,B5460DN,LASER PRINTER,C267,H6ZZ422,DELL,INSTRUCTION,NURSING,STANTON,ACTIVE
2001043,B2360DN ,LASER PRINTER,C288,BC2ZSS1,DELL,INSTRUCTION,NURSING,STANTON,ACTIVE
2001053,B2360DN ,LASER PRINTER,C142,GD2ZSS1,DELL,INSTRUCTION,NURSING,STANTON,ACTIVE
2000935,B2360DN ,LASER PRINTER,B125,3F2ZSS1,DELL,BUSINESS SERVICES,FINANCIAL AID OFFICE,STANTON,ACTIVE
2000934,B2360DN ,LASER PRINTER,B126,5F2ZSS1,DELL,BUSINESS SERVICES,FINANCIAL AID OFFICE,STANTON,ACTIVE
2000937,B2360DN ,LASER PRINTER,B127,4V1ZSS1,DELL,BUSINESS SERVICES,FINANCIAL AID OFFICE,STANTON,ACTIVE
2001056,B2360DN ,LASER PRINTER,B205,8D2ZSS1,DELL,CAMPUS DIRECTOR,MARKETING,STANTON,ACTIVE
1001280,5350DN,PRINTERS,SE111,HH7V6L1,DELL,INSTRUCTION,ENGLISH/READING,GEORGE,ACTIVE
2000884,B5460DN,LASER PRINTER,D207,JHZZ422,DELL,IIT,CCIT ,STANTON,ACTIVE
2001191,C3760DN,COLOR LASER PRINTER,B213B,DNZ6T12,DELL,HUMAN RESOURCES,HUMAN RESOURCES ,STANTON,ACTIVE
1001284,B5460DN,LASER PRINTER,W250,7B50522,DELL,IIT,COMPUTING SUPPORT,GEORGE,ACTIVE
2001054,B5460DN,LASER PRINTER,C279,H7ZZ422,DELL,INSTRUCTION,NURSING,STANTON,ACTIVE
2001073,B5460DN,LASER PRINTER,C279,H3ZZ422,DELL,INSTRUCTION,NURSING,STANTON,ACTIVE
2001189,700 M712DN,LASER PRINTER,B231,CNDCGBR06G,HP,INSTRUCTION,ARCHITECTURAL,STANTON,ACTIVE
2001446,B5465DNF,MULTI-FUNCTION PRINTER,E120,DWTGSS1,DELL,INSTRUCTION,MECHANICAL ENGINEERING,STANTON,ACTIVE
2001447,B5465DNF,MULTI-FUNCTION PRINTER,E202,70VGSS1,DELL,INSTRUCTION,BIO SCIENCE,STANTON,ACTIVE
1001531,B5465,MULTI-FUNCTION PRINTER,E214,1BVGSS1,DELL,STUDENT AFFAIRS,DEAN OF STUDENT AFFAIRS ,GEORGE,ACTIVE
1001530,B5465,MULTI-FUNCTION PRINTER,E200,C9VGSS1,DELL,STUDENT AFFAIRS,REGISTRAR,GEORGE,ACTIVE
2001469,700 M712DN,LASER PRINTER,A230,CNDCGCF0JQ,HP,INSTRUCTION,ARCHITECTURAL,STANTON,ACTIVE
1001573,5130,PRINTERS,E203,F7S26X1,DELL,STUDENT AFFAIRS,REGISTRAR,GEORGE,ACTIVE
2001057,B2360DN ,LASER PRINTER,C280,H62ZSS1,DELL,INSTRUCTION,NURSING,STANTON,ACTIVE
1001576,B3465DN,PRINTERS,SE126,8TVGSS1,DELL,WORKFORCE DEVELOPMENT & COMMUNITY EDUCATION,WORKFORCE DEVELOPMENT,GEORGE,ACTIVE
1001575,B5465,MULTI-FUNCTION PRINTER,SE125,3QVGSS1,DELL,WORKFORCE DEVELOPMENT & COMMUNITY EDUCATION,WORKFORCE DEVELOPMENT,GEORGE,ACTIVE
2001510,C3760DN,COLOR LASER PRINTER,F120,22KXF42,DELL,INSTRUCTION,AUTOMOTIVE,STANTON,ACTIVE
2001512,B5465DNF,MULTI-FUNCTION PRINTER,F120,HVVGSS1,DELL,INSTRUCTION,AUTOMOTIVE,STANTON,ACTIVE
2001513,B5465DNF,MULTI-FUNCTION PRINTER,A165,2TVGSS1,DELL,WORKFORCE DEVELOPMENT & COMMUNITY EDUCATION,WORKFORCE DEVELOPMENT,STANTON,ACTIVE
2001527,SB360,CARD PRINTER,I101,B23762,DATACARD,WORKFORCE DEVELOPMENT & COMMUNITY EDUCATION,INDUSTRIAL TRAINING,ITC,ACTIVE
1001599,B3465DN,PRINTERS,E113,71FJSS1,DELL,STUDENT AFFAIRS,CAREER CENTER,GEORGE,ACTIVE
2001530,B5460DN,LASER PRINTER,C127,41PFSS1 ,DELL,INSTRUCTION,CULINARY ARTS,STANTON,ACTIVE
1001647,B2360,PRINTERS,E123,5HYY342,DELL,STUDENT AFFAIRS,COUNSELING ,GEORGE,ACTIVE
2001538,B3465DNF,MULTI-FUNCTION PRINTER,A228,JYDJSS1,DELL,IIT,SYSTEMS,STANTON,ACTIVE
1001670,B5465,MULTI-FUNCTION PRINTER,E103,71Y0522,DELL,BUSINESS SERVICES,FINANCIAL AID OFFICE,GEORGE,ACTIVE
1001671,B5465,MULTI-FUNCTION PRINTER,E400,H4Y0522,DELL,INSTRUCTION,DEAN OF INSTRUCTION,GEORGE,ACTIVE
2001541,B5465DNF,MULTI-FUNCTION PRINTER,A164,2QVGSS1,DELL,ADMINISTRATIVE SERVICES,ADMINISTRATIVE SERVICES ,STANTON,ACTIVE
2001573,B5465DNF,MULTI-FUNCTION PRINTER,B135,90Y0522,DELL,INSTRUCTION,DEAN OF INSTRUCTION,STANTON,ACTIVE
1001672,B2360,PRINTERS,SE002F,1X82342,DELL,INSTRUCTION,ALLIED HEALTH,GEORGE,ACTIVE
1001682,B2360,PRINTERS,SE040,C3XZ342,DELL,INSTRUCTION,DENTAL HYGIENE,GEORGE,ACTIVE
1001683,C3765DNF,PRINTERS,E408,1HRYF42,DELL,WORKFORCE DEVELOPMENT & COMMUNITY EDUCATION,WORKFORCE DEVELOPMENT,GEORGE,ACTIVE
1001680,B2360,PRINTERS,E430,7GYZ342,DELL,WORKFORCE DEVELOPMENT & COMMUNITY EDUCATION,WORKFORCE DEVELOPMENT,GEORGE,ACTIVE
2001639,B5460DN,LASER PRINTER,A146,47PFSS1,DELL,CAMPUS DIRECTOR,CAMPUS DIRECTOR,STANTON,ACTIVE
2000881,B5460DN,LASER PRINTER,A153,JMQFSS1,DELL,WORKFORCE DEVELOPMENT & COMMUNITY EDUCATION,COMPUTER INSTITUTE,STANTON,ACTIVE
1001140,B5465,MULTI-FUNCTION PRINTER,E430,J2SFSS1,DELL,WORKFORCE DEVELOPMENT & COMMUNITY EDUCATION,WORKFORCE DEVELOPMENT,GEORGE,ACTIVE
1001109,B2360DN ,LASER PRINTER,E430,HQBQSS1,DELL,WORKFORCE DEVELOPMENT & COMMUNITY EDUCATION,WORKFORCE DEVELOPMENT,GEORGE,ACTIVE
1001699,B2360DN ,LASER PRINTER,SE308E,7HG0442,DELL,INSTRUCTION,ALLIED HEALTH,GEORGE,ACTIVE
1001056,B5460DN,LASER PRINTER,E200,13VLQ42,DELL,STUDENT AFFAIRS,REGISTRAR,GEORGE,ACTIVE
1001700,B2360DN ,LASER PRINTER,SE100,9X5XSS1,DELL,PUBLIC SAFETY,PUBLIC SAFETY,GEORGE,ACTIVE
1001684,C3765DNF,COLOR LASER PRINTER,E404,HPRYF42,DELL,WORKFORCE DEVELOPMENT & COMMUNITY EDUCATION,WORKFORCE DEVELOPMENT,GEORGE,ACTIVE
1001704,B2360,PRINTERS,E218,C1P0442,DELL,HUMAN RESOURCES,HUMAN RESOURCES ,GEORGE,ACTIVE
1001641,2360DN,LASER PRINTER,E331,BR01442,DELL,WORKFORCE DEVELOPMENT & COMMUNITY EDUCATION,WORKFORCE DEVELOPMENT,GEORGE,ACTIVE
1001714,B3465DN,LASER PRINTER,E110,J4HJSS1,DELL,BUSINESS SERVICES,FINANCIAL AID OFFICE,GEORGE,ACTIVE
1001640,B5465,MULTI-FUNCTION PRINTER,E130,FTZLQ42,DELL,STUDENT AFFAIRS,COUNSELING ,GEORGE,ACTIVE
1001710,B5465,MULTI-FUNCTION PRINTER,W364,FXZLQ42,DELL,CAMPUS DIRECTOR,INSTITUTIONAL ADVANCEMENT,GEORGE,ACTIVE
1001720,B3460DN,LASER PRINTER,E332,D2SX542,DELL,INSTRUCTION,MATHEMATICS,GEORGE,ACTIVE
1001721,B3460DN,LASER PRINTER,E436,C2SX542,DELL,ADMINISTRATIVE SERVICES,ADMINISTRATIVE SERVICES ,GEORGE,ACTIVE
1001718,B3460DN,LASER PRINTER,SE002C,92SX542,DELL,INSTRUCTION,ALLIED HEALTH,GEORGE,ACTIVE
1001719,B3460DN,LASER PRINTER,SE211,62SX542,DELL,INSTRUCTION,ALLIED HEALTH,GEORGE,ACTIVE
1001706,B3460DN,LASER PRINTER,W150,51SX542,DELL,INSTRUCTION,COMPUTER INFORMATION SYSTEMS,GEORGE,ACTIVE
1001717,B5460DN,LASER PRINTER,W360,9KXLQ42,DELL,WORKFORCE DEVELOPMENT & COMMUNITY EDUCATION,WORKFORCE DEVELOPMENT,GEORGE,ACTIVE
1001716,B5460DN,LASER PRINTER,W357,90XLQ42,DELL,WORKFORCE DEVELOPMENT & COMMUNITY EDUCATION,WORKFORCE DEVELOPMENT,GEORGE,ACTIVE
1001707,B2360DN ,LASER PRINTER,E126,GO GET,DELL,STUDENT AFFAIRS,COUNSELING ,GEORGE,ACTIVE
1001722,B2360DN ,LASER PRINTER,E129,GO GET,DELL,STUDENT AFFAIRS,ADMISSIONS,GEORGE,ACTIVE
1001708,B2360DN ,LASER PRINTER,E400A,GO GET,DELL,INSTRUCTION,DEAN OF INSTRUCTION,GEORGE,ACTIVE
2001854,B3465DNF,MULTI-FUNCTION PRINTER,D103,45HJSS1 ,DELL,STUDENT AFFAIRS,DEAN OF STUDENT AFFAIRS ,STANTON,ACTIVE
2001855,B5465DNF,MULTI-FUNCTION PRINTER,C113,9TZLQ42,DELL,INSTRUCTION,TESTING CENTER,STANTON,ACTIVE
1001723,B5460DN,LASER PRINTER,E409,8TWLQ42,DELL,INSTRUCTION,ALLIED HEALTH,GEORGE,ACTIVE
1001724,B5460DN,LASER PRINTER,W356,94YLQ42,DELL,WORKFORCE DEVELOPMENT & COMMUNITY EDUCATION,WORKFORCE DEVELOPMENT,GEORGE,ACTIVE
1001725,B5460DN,LASER PRINTER,W359,96YLQ42,DELL,WORKFORCE DEVELOPMENT & COMMUNITY EDUCATION,WORKFORCE DEVELOPMENT,GEORGE,ACTIVE
1001715,B5465,MULTI-FUNCTION PRINTER,E329,GRZLQ42,DELL,INSTRUCTION,BUSINESS ADMINISTRATION,GEORGE,ACTIVE
1001726,B3460DN,LASER PRINTER,E025B,72SX542,DELL,WORKFORCE DEVELOPMENT & COMMUNITY EDUCATION,WORKFORCE DEVELOPMENT,GEORGE,ACTIVE
1001931,B5460DN,LASER PRINTER,E336,HB50522,DELL,INSTRUCTION,BUSINESS ADMINISTRATION,GEORGE,ACTIVE
2001888,B2360DN ,LASER PRINTER,D145,2Z61442,DELL,INSTRUCTION,CRIMINAL JUSTICE,STANTON,ACTIVE
2001851,B2360DN ,LASER PRINTER,F105,1Z61442,DELL,INSTRUCTION,ELECTRONICS,STANTON,ACTIVE
2001850,B2360DN ,LASER PRINTER,F113,8Y61442,DELL,INSTRUCTION,AUTOMOTIVE,STANTON,ACTIVE
2001863,B2360DN ,LASER PRINTER,F108,6Y61442,DELL,INSTRUCTION,ELECTRONICS,STANTON,ACTIVE
2001869,B3460DN,LASER PRINTER,D202,H8NX542,DELL,INSTRUCTION,LIBRARY,STANTON,ACTIVE
2001864,B3460DN,LASER PRINTER,F101,G9NX542,DELL,INSTRUCTION,ELECTRONICS,STANTON,ACTIVE
2001887,B3460DN,LASER PRINTER,D118,3BNX542,DELL,STUDENT AFFAIRS,COUNSELING ,STANTON,ACTIVE
2001856,B3460DN,LASER PRINTER,A169,8BNX542,DELL,WORKFORCE DEVELOPMENT & COMMUNITY EDUCATION,WORKFORCE DEVELOPMENT,STANTON,ACTIVE
2001890,B3460DN,LASER PRINTER,B214B,F8NX542,DELL,HUMAN RESOURCES,HUMAN RESOURCES ,STANTON,ACTIVE
2001889,B3460DN,LASER PRINTER,A149,J9NX542,DELL,INSTRUCTION,DEAN OF INSTRUCTION,STANTON,ACTIVE
2001862,B3460DN,LASER PRINTER,D105,F9NX542,DELL,STUDENT AFFAIRS,DEAN OF STUDENT AFFAIRS ,STANTON,ACTIVE
2001894,5130CDN,COLOR LASER PRINTER,B118,9B5LQ42,DELL,STUDENT AFFAIRS,REGISTRAR,STANTON,ACTIVE
2001868,B3460DN,LASER PRINTER,D112,99NX542,DELL,STUDENT AFFAIRS,COUNSELING ,STANTON,ACTIVE
2002044,B3460DN,LASER PRINTER,D102,C9NX542,DELL,STUDENT AFFAIRS,ATHLETICS,STANTON,ACTIVE
2001882,B3460DN,LASER PRINTER,D125B,B6NX542,DELL,STUDENT AFFAIRS,CAREER CENTER,STANTON,ACTIVE
2001883,B3460DN,LASER PRINTER,D123,H7NX542,DELL,STUDENT AFFAIRS,ADMISSIONS,STANTON,ACTIVE
2001884,B3460DN,LASER PRINTER,C111,69NX542,DELL,STUDENT AFFAIRS,DEAN OF STUDENT AFFAIRS ,STANTON,ACTIVE
2001866,B3460DN,LASER PRINTER,A132,49NX542,DELL,PUBLIC SAFETY,PUBLIC SAFETY,STANTON,ACTIVE
2001181,B5465DNF,MULTI-FUNCTION PRINTER,C127,2QZLQ42,DELL,INSTRUCTION,CULINARY ARTS,STANTON,ACTIVE
2001867,B3460DN,LASER PRINTER,D104,G7NX542,DELL,STUDENT AFFAIRS,SGA,STANTON,ACTIVE
2002048,B3460DN,LASER PRINTER,A175,7BNX542 ,DELL,WORKFORCE DEVELOPMENT & COMMUNITY EDUCATION,WORKFORCE DEVELOPMENT,STANTON,ACTIVE
2001849,B2360DN ,LASER PRINTER,A142,DY61442 ,DELL,ADMINISTRATIVE SERVICES,ADMINISTRATIVE SERVICES ,STANTON,ACTIVE
2001731,B5460DN,LASER PRINTER,E202,513MQ42,DELL,INSTRUCTION,BIO SCIENCE,STANTON,ACTIVE
2002053,B5460DN,LASER PRINTER,E223,5G3MQ42,DELL,INSTRUCTION,MATHEMATICS,STANTON,ACTIVE
2002054,B5460DN,LASER PRINTER,A213,2B3MQ42,DELL,INSTRUCTION,CRIMINAL JUSTICE,STANTON,ACTIVE
2002058,B5460DN,LASER PRINTER,F112,783MQ42,DELL,INSTRUCTION,ELECTRONICS,STANTON,ACTIVE
2002057,B5460DN,LASER PRINTER,A148,6D3MQ42,DELL,WORKFORCE DEVELOPMENT & COMMUNITY EDUCATION,COMPUTER INSTITUTE,STANTON,ACTIVE
2002056,B5460DN,LASER PRINTER,B116,3D3MQ42,DELL,INSTRUCTION,ENGLISH/READING,STANTON,ACTIVE
2002083,B5460DN,LASER PRINTER,C284,3G3MQ42,DELL,INSTRUCTION,NURSING,STANTON,ACTIVE
2002052,B5460DN,LASER PRINTER,A223,593MQ42,DELL,INSTRUCTION,MATHEMATICS,STANTON,ACTIVE
2002051,B5460DN,LASER PRINTER,F103,5D3MQ42,DELL,INSTRUCTION,ELECTRONICS,STANTON,ACTIVE
1002216,B2360,PRINTERS,E201,6YW1442,DELL,STUDENT AFFAIRS,REGISTRAR,GEORGE,ACTIVE
2002089,B4600 ,LASER PRINTER,LOBBY,AL5B012149B0,OKIDATA,STUDENT AFFAIRS,REGISTRAR,STANTON,ACTIVE
1001522,B5465,MULTI-FUNCTION PRINTER,W270,7GVGSS1,DELL,INSTRUCTION,COMPUTER INFORMATION SYSTEMS,GEORGE,ACTIVE
1002272,C2660DN,PRINTERS,E408,9CJY342,DELL,WORKFORCE DEVELOPMENT & COMMUNITY EDUCATION,WORKFORCE DEVELOPMENT,GEORGE,ACTIVE
1002215,E525W,PRINTERS,SE031,GZK8862,DELL,INSTRUCTION,DENTAL HYGIENE,GEORGE,ACTIVE
1002280,B5465,MULTI-FUNCTION PRINTER,SE308,FXDMQ42,DELL,INSTRUCTION,ALLIED HEALTH,GEORGE,ACTIVE
2002186,UPRINT SE PLUS 3D PRINTER,3D PRINTER,I130,P56001,STATASYS,WORKFORCE DEVELOPMENT & COMMUNITY EDUCATION,INDUSTRIAL TRAINING,ITC,ACTIVE
2002187,MOJO 3D,3D PRINTER,I130,J05687,STATASYS,WORKFORCE DEVELOPMENT & COMMUNITY EDUCATION,INDUSTRIAL TRAINING,ITC,ACTIVE
2002055,C3760DN,COLOR LASER PRINTER,A160,3F16F52,DELL,ADMINISTRATIVE SERVICES,ADMINISTRATIVE SERVICES ,STANTON,ACTIVE
2002189,B3465DNF,MULTI-FUNCTION PRINTER,D207,3TJJSS1,DELL,IIT,CCIT ,STANTON,ACTIVE
2002191,B3465DNF,MULTI-FUNCTION PRINTER,A130,2KLJSS1,DELL,PUBLIC SAFETY,PUBLIC SAFETY,STANTON,ACTIVE
1002297,B2360,PRINTERS,E125,7SJ3442,DELL,STUDENT AFFAIRS,COUNSELING ,GEORGE,ACTIVE
2002222,B5465DNF,MULTI-FUNCTION PRINTER,A222,GVDMQ42,DELL,WORKFORCE DEVELOPMENT & COMMUNITY EDUCATION,CAFETERIA,STANTON,ACTIVE
2002258,DESIGNJET T2500,PLOTTER ,B231,CN64G3H00K,HP,INSTRUCTION,ARCHITECTURAL,STANTON,ACTIVE
1002303,B2375DNF,PRINTERS,CDC,6BG25Y1,DELL,INSTRUCTION,CHILD DEVELOPMENT CENTER,GEORGE,ACTIVE
1002304,B2375DNF,PRINTERS,SE114,6BG15Y1,DELL,WORKFORCE DEVELOPMENT & COMMUNITY EDUCATION,WORKFORCE DEVELOPMENT,GEORGE,ACTIVE
2002260,B5465DNF,MULTI-FUNCTION PRINTER,D120,1NHMQ42,DELL,STUDENT AFFAIRS,ADVISEMENT,STANTON,ACTIVE
2002195,B5465DNF,MULTI-FUNCTION PRINTER,B204,81FMQ42,DELL,CAMPUS DIRECTOR,MARKETING,STANTON,ACTIVE
2002265,C3760DN,COLOR LASER PRINTER,B204,2KT6F52,DELL,CAMPUS DIRECTOR,MARKETING,STANTON,ACTIVE
2002269,OFFICEJET PRO 6230,INK PRINTER,D118,TH66P510VK,HP,STUDENT AFFAIRS,ADMISSIONS,STANTON,ACTIVE
2002270,DESIGNJET T2530,PLOTTER ,B228,CN67C3H01B,HP,INSTRUCTION,ARCHITECTURAL,STANTON,ACTIVE
1002290,B5465,MULTI-FUNCTION PRINTER,SE210,GKHMQ42,DELL,INSTRUCTION,HUMAN SERVICES,GEORGE,ACTIVE
1003163,LABEL WRITER 330 TURBO,LABEL MAKER,E216,1750110-2967146,DYMO,HUMAN RESOURCES,HUMAN RESOURCES ,GEORGE,ACTIVE
1003007,B5460,PRINTERS,W257,13PZ422,DELL,INSTRUCTION,BUSINESS ADMINISTRATION,GEORGE,ACTIVE
2002663,S5830DN,LASER PRINTER,C113,21K1R92,DELL,STUDENT AFFAIRS,STUDENT SUPPORT SERVICES,STANTON,ACTIVE
2002660,S5830DN,LASER PRINTER,C137,1VJ1R92,DELL,INSTRUCTION,NURSING,STANTON,ACTIVE
2002662,S5830DN,LASER PRINTER,G107B,1SJ1R92,DELL,INSTRUCTION,ENERGY,STANTON,ACTIVE
2002664,PRINTRBOT SIMPLE V2,3D PRINTER,F101,10300,UNKNOWN ,INSTRUCTION,ELECTRONICS,STANTON,ACTIVE
1003527,B2375DNF,LASER PRINTER,E005,73KZ4Y1,DELL,STUDENT AFFAIRS,SGA,GEORGE,ACTIVE
2002666,C3760DN,COLOR LASER PRINTER,A154,JC57F52,DELL,DEMEP,DEMEP,STANTON,ACTIVE
2002678,B2360DN ,LASER PRINTER,D122B,3G5XSS1 ,DELL,STUDENT AFFAIRS,ADMISSIONS,STANTON,ACTIVE
1003364,S2830DN,PRINTERS,E015,61XVQ92,DELL,IIT,MEDIA SUPPORT,GEORGE,ACTIVE
1003360,S2830DN,LASER PRINTER,SE002B,5DWVQ92,DELL,INSTRUCTION,ALLIED HEALTH,GEORGE,ACTIVE
2002682,S2830DN,LASER PRINTER,I126,5XTVQ92,DELL,WORKFORCE DEVELOPMENT & COMMUNITY EDUCATION,INDUSTRIAL TRAINING,ITC,ACTIVE
2002679,S2830DN,LASER PRINTER,D140,FXTVQ92,DELL,STUDENT AFFAIRS,ATHLETICS,STANTON,ACTIVE
2002687,S2830DN,LASER PRINTER,C157,2YTVQ92,DELL,INSTRUCTION,NURSING,STANTON,ACTIVE
2002686,S2830DN,LASER PRINTER,C269,GGTVQ92,DELL,INSTRUCTION,NURSING,STANTON,ACTIVE
2002685,S2830DN,LASER PRINTER,C270,6TTVQ92,DELL,INSTRUCTION,NURSING,STANTON,ACTIVE
2002684,S2830DN,LASER PRINTER,C271,DWTVQ92,DELL,INSTRUCTION,NURSING,STANTON,ACTIVE
2002683,S2830DN,LASER PRINTER,C273,2XTVQ92,DELL,INSTRUCTION,NURSING,STANTON,ACTIVE
1001532,5350DN,PRINTERS,STORAGE,H5N0522,DELL,IIT,COMPUTING SUPPORT,GEORGE,ACTIVE
10851,2335DN,PRINTERS,E406,F4BJ7R1,DELL,INSTRUCTION,TESTING CENTER,GEORGE,ACTIVE
1003368,S2830DN,PRINTERS,E006,HOXVQ92,DELL,STUDENT AFFAIRS,PEER ASSOCIATE PROGRAM,GEORGE,ACTIVE
1003541,B2375DNF,PRINTERS,SE100B,H2P25Y1,DELL,PUBLIC SAFETY,PUBLIC SAFETY,GEORGE,ACTIVE
2002688,S5830DN,LASER PRINTER,E106,1YJ1R92,DELL,INSTRUCTION,MECHANICAL ENGINEERING,STANTON,ACTIVE
1003543,S2830DN,LASER PRINTER,W078,3CWVQ92,DELL,INSTRUCTION,ALLIED HEALTH,GEORGE,ACTIVE
1003542,S2825CDN,MULTI-FUNCTION PRINTER,E331,H15BZC2,DELL,WORKFORCE DEVELOPMENT & COMMUNITY EDUCATION,WORKFORCE DEVELOPMENT,GEORGE,ACTIVE
1003544,S2830DN,LASER PRINTER,W078,9CWVQ92,DELL,INSTRUCTION,ALLIED HEALTH,GEORGE,ACTIVE
1003545,S2830DN,LASER PRINTER,W264,GYVVQ92,DELL,INSTRUCTION,ENGLISH/READING,GEORGE,ACTIVE
2002693,S2830DN,LASER PRINTER,A150,9XTVQ92,DELL,WORKFORCE DEVELOPMENT & COMMUNITY EDUCATION,CAFETERIA,STANTON,ACTIVE
1003550,B5465DNF,MULTI-FUNCTION PRINTER,E206,41JMQ42,DELL,BUSINESS SERVICES,BUSINESS OFFICE,GEORGE,ACTIVE
1003367,S2830DN,LASER PRINTER,SE125,4CWVQ92,DELL,WORKFORCE DEVELOPMENT & COMMUNITY EDUCATION,WORKFORCE DEVELOPMENT,GEORGE,ACTIVE
1003372,S2830DN,LASER PRINTER,E213,41XVQ92,DELL,STUDENT AFFAIRS,DEAN OF STUDENT AFFAIRS ,GEORGE,ACTIVE
1003369,S2830DN,LASER PRINTER,W358,DCWVQ92,DELL,WORKFORCE DEVELOPMENT & COMMUNITY EDUCATION,WORKFORCE DEVELOPMENT,GEORGE,ACTIVE
1003366,S2830DN,LASER PRINTER,SE210B,GIXVQ92,DELL,INSTRUCTION,HUMAN SERVICES,GEORGE,ACTIVE
1003365,S2830DN,LASER PRINTER,SE210J,2DWVQ92,DELL,INSTRUCTION,HUMAN SERVICES,GEORGE,ACTIVE
1003557,C2660DN,COLOR LASER PRINTER,E206,4F37F52,DELL,BUSINESS SERVICES,BUSINESS OFFICE,GEORGE,ACTIVE
2002694,B5465DNF,MULTI-FUNCTION PRINTER,C267,BHVGSS1,DELL,INSTRUCTION,NURSING,STANTON,ACTIVE
1003559,S2825CDN,COLOR LASER PRINTER,SE037,JQ7BZC2,DELL,INSTRUCTION,DENTAL HYGIENE,GEORGE,ACTIVE
1003558,S2830DN,LASER PRINTER,SE305A,3F37F52,DELL,INSTRUCTION,ALLIED HEALTH,GEORGE,ACTIVE
1003560,B2360,LASER PRINTER,E216,5SGVSS1,DELL,HUMAN RESOURCES,HUMAN RESOURCES ,GEORGE,ACTIVE
1003561,S2830DN,LASER PRINTER,SE308B,6CWVQ92,DELL,INSTRUCTION,ALLIED HEALTH,GEORGE,ACTIVE
1003563,B5465DNF,MULTI-FUNCTION PRINTER,E324B,7YHMQ42,DELL,IIT,COMPUTING SUPPORT,GEORGE,ACTIVE
1003564,S2830DN,LASER PRINTER,W065,1WVVQ92,DELL,HUMAN RESOURCES,WELLNESS CENTER,GEORGE,ACTIVE
1003565,S2830DN,LASER PRINTER,W282,HCWVQ92,DELL,INSTRUCTION,ENGLISH/READING,GEORGE,ACTIVE
1003570,S2830DN,LASER PRINTER,STORAGE,29K1R92,DELL,STUDENT AFFAIRS,ADMISSIONS,GEORGE,ACTIVE
1003568,S2830DN,LASER PRINTER,CDC,30TWQ92,DELL,IIT,CHILD DEVELOPMENT CENTER,GEORGE,ACTIVE
1003566,S2830DN,LASER PRINTER,E221,C7RWQ92,DELL,HUMAN RESOURCES,HUMAN RESOURCES ,GEORGE,ACTIVE
1003567,S2830DN,LASER PRINTER,E220,FZSWQ92,DELL,HUMAN RESOURCES,HUMAN RESOURCES ,GEORGE,ACTIVE
1003551,S2830DN,LASER PRINTER,E121,FCWVQ92,DELL,STUDENT AFFAIRS,COUNSELING ,GEORGE,ACTIVE
2002748,B3460DN,LASER PRINTER,B202,1SMRWD2 ,DELL,CAMPUS DIRECTOR,CAMPUS DIRECTOR,STANTON,ACTIVE
2002752,S2830DN,LASER PRINTER,A229,J24XQ92,DELL,IIT,COMPUTING SUPPORT,STANTON,ACTIVE
2002754,S5830DN,LASER PRINTER,A211,4RS1R92,DELL,INSTRUCTION,MATHEMATICS,STANTON,ACTIVE
2002762,S2830DN,LASER PRINTER,A229,CJCXQ92,DELL,IIT,COMPUTING SUPPORT,STANTON,ACTIVE
2002774,B5460DN,LASER PRINTER,A227,7HYZ422,DELL,IIT,COMPUTING SUPPORT,STANTON,ACTIVE
2002760,S5830DN,LASER PRINTER,B203,4FS1R92,DELL,CAMPUS DIRECTOR,CAMPUS DIRECTOR,STANTON,ACTIVE
2002778,B5465DNF,MULTI-FUNCTION PRINTER,B204,3PJMQ42 ,DELL,CAMPUS DIRECTOR,MARKETING,STANTON,ACTIVE
1000880,B2360,LASER PRINTER,E302,835XSS1,DELL,BUSINESS SERVICES,COPY CENTER,GEORGE,ACTIVE
1001600,C2660DN,COLOR LASER PRINTER,CDC,JKW7F52,DELL,INSTRUCTION,CHILD DEVELOPMENT CENTER,GEORGE,ACTIVE
1001675,SB360,CARD PRINTER,SE100A,B26962,DATACARD,PUBLIC SAFETY,PUBLIC SAFETY,GEORGE,ACTIVE
1003373,S2830DN,LASER PRINTER,SE308C,35SD260 ,DELL,INSTRUCTION,ALLIED HEALTH,GEORGE,ACTIVE
2002755,S5830DN,LASER PRINTER,C137,4FS1R92,DELL,INSTRUCTION,NURSING,STANTON,ACTIVE
1003432,S2830DN,LASER PRINTER,E107,5B7YQ92,DELL,BUSINESS SERVICES,FINANCIAL AID OFFICE,GEORGE,ACTIVE
2002730, BMP-21-PLUS,LABEL MAKER,C131,PGM211630009160,BRADY,IIT,SYSTEMS,STANTON,ACTIVE
1001608,S2830DN,LASER PRINTER,E206,JHJYQ92,DELL,BUSINESS SERVICES,BUSINESS OFFICE,GEORGE,ACTIVE
1001609,S2830DN,LASER PRINTER,SE308D,9JJYQ92,DELL,INSTRUCTION,ALLIED HEALTH,GEORGE,ACTIVE
1003759,S2830DN,LASER PRINTER,W351,3JJYQ92,DELL,CAMPUS DIRECTOR,CAMPUS DIRECTOR,GEORGE,ACTIVE
1003761,S2830DN,LASER PRINTER,W352,FPJQ92,DELL,CAMPUS DIRECTOR,CAMPUS DIRECTOR,GEORGE,ACTIVE
2003000,S2830DN,LASER PRINTER,B122,45KYQ92,DELL,BUSINESS SERVICES,BUSINESS OFFICE,STANTON,ACTIVE
2002955,S5830DN,LASER PRINTER,A201,7SY1R92,DELL,INSTRUCTION,ENGLISH/READING,STANTON,ACTIVE
2002954,S5830DN,LASER PRINTER,A225,BRY1R92,DELL,INSTRUCTION,MATHEMATICS,STANTON,ACTIVE
1003593,S2830DN,LASER PRINTER,W364,HPJYQ92,DELL,CAMPUS DIRECTOR,INSTITUTIONAL ADVANCEMENT,GEORGE,ACTIVE
1002555,S2825CDN,COLOR LASER PRINTER,E408,40m7yl2,,WORKFORCE DEVELOPMENT & COMMUNITY EDUCATION,UPWARD BOUND,GEORGE,ACTIVE
2002966,S2830DN,LASER PRINTER,B123,BP4ZQ92,DELL,BUSINESS SERVICES,BUSINESS OFFICE,STANTON,ACTIVE
2002964,S2830DN,LASER PRINTER,B219,J3KYQ92,DELL,CAMPUS DIRECTOR,INSTITUTIONAL ADVANCEMENT,STANTON,ACTIVE
2002967,VERSALINK B605X,MULTI-FUNCTION PRINTER,B122,5XB491650,XEROX,BUSINESS SERVICES,BUSINESS OFFICE,STANTON,ACTIVE
2002997,B3465DNF,MULTI-FUNCTION PRINTER,C284,J2PJSS1,DELL,INSTRUCTION,NURSING,STANTON,ACTIVE
2002996,B3465DNF,MULTI-FUNCTION PRINTER,C267,7WRJSS1,DELL,INSTRUCTION,NURSING,STANTON,ACTIVE
1005001,S2830DN,LASER PRINTER,SE036,FQJQ92,DELL,INSTRUCTION,DENTAL HYGIENE,GEORGE,ACTIVE
2002998,B3465DNF,MULTI-FUNCTION PRINTER,B125,H2PJSS1,DELL,BUSINESS SERVICES,FINANCIAL AID OFFICE,STANTON,ACTIVE
2002999,B3465DNF,MULTI-FUNCTION PRINTER,D105,51SJSS1 ,DELL,STUDENT AFFAIRS,DEAN OF STUDENT AFFAIRS ,STANTON,ACTIVE
2003077,S3840CDN,COLOR LASER PRINTER,I116,D2Q5XD2,DELL,WORKFORCE DEVELOPMENT & COMMUNITY EDUCATION,INDUSTRIAL TRAINING,ITC,ACTIVE
2003076,B3465DNF,MULTI-FUNCTION PRINTER,I116,D2SJSS1,DELL,WORKFORCE DEVELOPMENT & COMMUNITY EDUCATION,INDUSTRIAL TRAINING,ITC,ACTIVE
2003079,S5840CDN,COLOR LASER PRINTER,I102,F523R92,DELL,WORKFORCE DEVELOPMENT & COMMUNITY EDUCATION,INDUSTRIAL TRAINING,ITC,ACTIVE
2003078,B3465DNF,MULTI-FUNCTION PRINTER,I102,H8SJSS1,DELL,WORKFORCE DEVELOPMENT & COMMUNITY EDUCATION,INDUSTRIAL TRAINING,ITC,ACTIVE
2003080,B2360DN ,LASER PRINTER,A148,5K3ZSS1,DELL,WORKFORCE DEVELOPMENT & COMMUNITY EDUCATION,WORKFORCE DEVELOPMENT,STANTON,ACTIVE
2003090,B3465DNF,MULTI-FUNCTION PRINTER,D107,36SJSS1,DELL,STUDENT AFFAIRS,DEAN OF STUDENT AFFAIRS ,STANTON,ACTIVE
2003091,B3465DNF,MULTI-FUNCTION PRINTER,F117,GVPJSS1,DELL,INSTRUCTION,ELECTRONICS,STANTON,ACTIVE
2003068,S5840CDN,COLOR LASER PRINTER,B135,4623R92,DELL,INSTRUCTION,DEAN OF INSTRUCTION,STANTON,ACTIVE
1003828,S5830DN,LASER PRINTER,E206,7RY1R92,DELL,BUSINESS SERVICES,BUSINESS OFFICE,GEORGE,ACTIVE
1003760,B3460DN,LASER PRINTER,E203,6S1SWD2,DELL,STUDENT AFFAIRS,REGISTRAR,GEORGE,ACTIVE
1003915,B5465DNF,MULTI-FUNCTION PRINTER,SE220,59JMQ42,DELL,INSTRUCTION,LANGUAGE AND CULTURE,GEORGE,ACTIVE
1003916,S5830DN,LASER PRINTER,E103,3NY1R92,DELL,BUSINESS SERVICES,FINANCIAL AID OFFICE,GEORGE,ACTIVE
1003927,B3465DN,MULTI-FUNCTION PRINTER,E406,C9SJSS1,DELL,INSTRUCTION,TESTING CENTER,GEORGE,ACTIVE
2003236,LASERJET ENTERPRISE M750DN,COLOR LASER PRINTER,B236,CNFCL3809M,HP,INSTRUCTION,ARCHITECTURAL,STANTON,ACTIVE
2003240,700 M712DN,LASER PRINTER,A231,CNECL360KB,HP,INSTRUCTION,ARCHITECTURAL,STANTON,ACTIVE
1003597,E525W,MULTI-FUNCTION PRINTER,SE038,892JOL2,DELL,INSTRUCTION,DENTAL HYGIENE,ITC,ACTIVE
2003288,S2830DN,LASER PRINTER,B213C,7WVZQ92,DELL,HUMAN RESOURCES,HUMAN RESOURCES ,STANTON,ACTIVE
2003290,S2830DN,LASER PRINTER,B213,8VVZQ92,DELL,HUMAN RESOURCES,HUMAN RESOURCES ,STANTON,ACTIVE
2003292,S2830DN,LASER PRINTER,A229,BVVZQ92,DELL,IIT,COMPUTING SUPPORT,STANTON,ACTIVE
2003289,S2830DN,LASER PRINTER,B214A,CVVZQ92,DELL,HUMAN RESOURCES,HUMAN RESOURCES ,STANTON,ACTIVE
2003286,WORKCENTRE 6515,MULTI-FUNCTION PRINTER,D105,5AV805111,XEROX,STUDENT AFFAIRS,DEAN OF STUDENT AFFAIRS ,STANTON,ACTIVE
2003294,700 M712DN,LASER PRINTER,B234,CNECKDL0SS,HP,INSTRUCTION,ARCHITECTURAL,STANTON,ACTIVE
2003083,S5830DN,LASER PRINTER,D142,7YY1R92,DELL,INSTRUCTION,CRIMINAL JUSTICE,STANTON,ACTIVE
2003304,S2830DN,LASER PRINTER,B214,B3WZQ92,DELL,HUMAN RESOURCES,HUMAN RESOURCES ,STANTON,ACTIVE
1003948,S5830DN,LASER PRINTER,E206,3MY1R92 ,DELL,BUSINESS SERVICES,BUSINESS OFFICE,GEORGE,ACTIVE
1003949,S5830DN,LASER PRINTER,E206,2YY1R92 ,DELL,BUSINESS SERVICES,BUSINESS OFFICE,GEORGE,ACTIVE
2003307,DESIGNJET T120,PLOTTER ,A230,CN7ANFM01F,HP,INSTRUCTION,ARCHITECTURAL,STANTON,ACTIVE
2003300,S5840CDN,COLOR LASER PRINTER,B122,8423R92,DELL,BUSINESS SERVICES,BUSINESS OFFICE,STANTON,ACTIVE
2003299,B2360DN ,LASER PRINTER,A174,29VZSS1,DELL,WORKFORCE DEVELOPMENT & COMMUNITY EDUCATION,WORKFORCE DEVELOPMENT,STANTON,ACTIVE
2003256,S2830DN,LASER PRINTER,HALLWAY,B0LZQ92 ,DELL,HUMAN RESOURCES,HUMAN RESOURCES ,STANTON,ACTIVE
2003321,S5840CDN,COLOR LASER PRINTER,E201,J423R92 ,DELL,INSTRUCTION,BIO CHEM,STANTON,ACTIVE
2003326,LASERJET M712,LASER PRINTER,B228,CNECL360K1,HP,INSTRUCTION,ARCHITECTURAL,STANTON,ACTIVE
1003956,B5465,MULTI-FUNCTION PRINTER,SE308,2W8MQ42,DELL,INSTRUCTION,ALLIED HEALTH,GEORGE,ACTIVE
